x,temp1h,temp6h,temp24h,temp72h
2.5,2.70915,-5.349375,-7.432575,-8.33335
5,8.060575,-2.267825,-5.698375,-6.67145
7.5,12.6815,0.95855,-3.62585,-4.544725
10,15.86835,3.811775,-1.79865,-2.722125
12.5,17.7788,6.56345,0.1425,-1.1072
15,18.878825,8.820225,2.929375,-0.058125
17.5,19.479925,11.0524,5.67495,3.27535
20,19.6155,13.22955,8.5948,6.543625
22.5,19.801325,15.094125,11.36025,9.81915
25,19.8076,16.920025,14.174575,13.06775
27.5,19.903775,18.5145,17.1011,16.376525
