x,temp1h,temp6h,temp24h,temp72h
0,-3.947666667,-5.26,-5.75,-5.75
2.5,0.39465,-2.84,-4.42,-4.98
5,2.1549,-1.03,-3.34,-4.16
7.5,3.421475,0.24,-2.37,-3.66
10,4.106475,1.15,-1.49,-2.77
12.5,4.648675,1.69,-0.51,-2.07
15,4.8637,2.21,0.26,-1.41
17.5,5.046025,2.8,1.06,-0.67
20,5.0461,3.36,1.63,0.21
22.5,4.955125,3.66,2.28,1.18
25,4.862075,3.97,2.9,2.13
27.5,4.771425,4.19,3.54,3.18
30,4.551625,4.58,4.48,4.46
